judge,facts,reason,label,accused,annotation
0.9967433416767713,0.9184188434101941,-1.1107412281833586,1,1.0,1
0.23464181759102815,-1.1107412281833586,-1.1107412281833586,1,1.0,1
-0.5820413592831902,-1.109378553596124,-1.1107412281833586,1,1.0,1
-1.099600054206776,-1.1017846486385572,-1.1107412253032982,1,1.0,1
-1.0754987184280733,-1.1107411563706955,-1.1107409048085202,1,1.0,1
-1.0156976769087462,-1.1107398602034448,-1.110740643355997,1,1.0,1
-1.0422059228573992,-1.1107412281833586,0.0,1,1.0,1
-1.110740742725824,-1.1107412281833586,-1.1107412281833586,1,1.0,1
0.657366362064454,-1.1107412281833586,-1.1107412281833586,1,1.0,1
-1.1106900420575216,-1.1107412260302596,-1.1107412281833586,1,1.0,1
0.7617183510778105,-1.1107401965511843,-1.1107412281833586,1,1.0,1
-0.43271063351699934,-1.1107412281833586,-1.1107412281833586,1,1.0,1
-0.8051142911528337,-1.110740672725411,-1.1107412281833586,1,1.0,1
0.3425966570678995,-1.1107412281833586,-1.1107412281833586,1,1.0,1
0.9638246180094494,-1.1107412281833586,-1.1107412281833586,1,1.0,1
-1.1107412261237726,-1.1107412281833586,-1.1107412281833586,1,1.0,1
0.9762578392626958,0.0,-1.1107412281833586,1,1.0,1
-1.026305739341387,-1.1107412281833586,-1.1107412281833586,1,1.0,1
0.8337164694027143,-1.1107412281833586,0.0,1,1.0,1
0.20385919716275472,-1.110741228180499,-1.1107412281833586,1,1.0,1
-1.1107258394954818,0.0,-1.1107412281833586,1,1.0,1
-0.7198628380871122,-1.1107412281833586,-1.1107412281833586,1,1.0,1
0.14150644688814412,-1.1107412281833586,-1.1107412281833586,1,1.0,1
-0.43271063351699934,-1.1107412281833586,-1.1107412281833586,1,1.0,1
-1.1107412281833582,-1.1107412281833582,-1.1107412281833586,1,1.0,1
-0.28628398071041017,-1.1107412281833586,0.0,1,1.0,1
0.010983186356618393,-1.1107412281833586,0.0,1,1.0,1
0.7120979517440611,-1.1107412281833564,-1.1107412281833586,1,1.0,1
0.9678874467253253,-1.110741226109078,-1.1107412281833586,1,1.0,1
-0.35461554586103944,-1.1107412281833586,-1.1107412281833586,1,1.0,1
-0.26421897419958346,0.0,-1.1107412281833586,1,1.0,1
0.9629840664748671,-1.1107412281833586,-1.1107412281833586,1,1.0,1
-0.9288811203466955,-1.1107412281833586,-1.1107412281833586,1,1.0,1
-0.16580784883700977,0.0,-1.1107412281833586,1,1.0,1
-1.1106897211864908,0.0,-1.1107412281833586,1,1.0,1
0.7083535842824824,0.0,-1.1107412281833586,1,1.0,1
-1.1107313964048002,-1.1107412281833586,-1.1107412281833586,1,1.0,1
-1.1068145409306709,-1.1107412281833586,-1.1107412281833586,1,1.0,1
0.22966757846071262,-1.1107411698326657,-1.1107412281833586,1,1.0,1
0.6767695738606553,0.0,-1.1107412281833586,1,1.0,1
0.046382777167679974,-1.1107412281833586,-1.1107412281833586,1,1.0,1
-0.3805980877411097,-1.1107412281833586,-1.1107412281833586,1,1.0,1
0.9984527058803518,-1.1107412281833502,-1.1107412281833586,1,1.0,1
-0.6516792644208607,0.0,-1.1107412281833586,1,1.0,1
-0.8139879582683506,0.0,-1.1107412281793627,1,1.0,1
0.7643170376672983,0.0,-1.1106847621585128,1,1.0,1
-0.9388527361823675,0.0,-1.1107412281833586,1,1.0,1
-0.925491974166666,0.0,-1.1107412281833586,1,1.0,1
-0.6106285260409203,0.0,-1.1107412281833569,1,1.0,1
0.8713792945847653,0.0,-1.1107412281832645,1,1.0,1
0.8541220832235482,0.0,-1.1107412281833586,1,1.0,1
-1.1074674704711915,0.0,-1.1107412281814644,1,1.0,1
-0.7517598219614441,0.0,-1.1107412281833586,1,1.0,1
-0.4786772607495587,0.0,-1.1107412281833586,1,1.0,1
-0.4786772607495587,0.0,-1.1107412281833586,1,1.0,1
-0.4786772607495587,0.0,-1.1107412281833586,1,1.0,1
-1.1073988372378587,0.0,-1.1107412281833586,1,1.0,1
-1.109987722671709,0.0,-1.1107412281833586,1,1.0,1
-1.1107412281804285,0.0,-1.1107412281833586,1,1.0,1
-1.1107412221188242,0.0,-1.1107412281833586,1,1.0,1
-1.1107412281709368,0.0,-1.1107412281833586,1,1.0,1
-0.5225030663915936,0.0,-1.1107412281833586,1,1.0,1
-1.1107412199164377,0.0,-1.1107412281833586,1,1.0,1
-1.110717678627084,0.0,-1.1107412281833586,1,1.0,1
-1.0980409375200706,0.0,-1.1107412281833586,1,1.0,1
-1.109202362731541,0.0,-1.1107412281833586,1,1.0,1
-1.1107412281822184,0.0,-1.1107412281833586,1,1.0,1
-1.1107412281830222,0.0,-1.1107412281833586,1,1.0,1
-1.1105974828374692,0.0,-1.1107412281833586,1,1.0,1
-1.0422059228573992,-1.1107412281833586,-1.1107412281833586,1,1.0,1
-1.003503063343531,0.0,-1.1107412281833586,1,1.0,1
-1.0993223065934177,0.0,0.0,1,1.0,1
-1.0422059228573992,-1.1107412281833577,-1.1107412281833586,1,1.0,1
-1.0422059228573992,0.0,-1.1107412281833586,1,1.0,1
-1.0422059228573992,-1.1107412281833522,-1.1107412281833586,1,1.0,1
-1.0422059228573992,0.0,-1.1107412281833586,1,1.0,1
-1.0422059228573992,0.0,0.0,1,1.0,1
-1.1104498044255375,0.0,0.0,1,1.0,1
-1.0422059228573992,0.0,-1.1107412281833586,1,1.0,1
-1.1107406253886256,0.0,-1.1107412281833586,1,1.0,1
-1.0422059228573992,-1.1107412281833586,0.0,1,1.0,1
-1.0422059228573992,-1.1107412281833586,-1.1107412281833586,1,1.0,1
-1.0422059228573992,-1.1107412281833586,0.0,1,1.0,1
-1.0422059228573992,-1.1107412281833586,-1.1107412281833586,1,1.0,1
-1.0422059228573992,0.0,0.0,1,1.0,1
-1.0422059228573992,-1.1107412281833586,-1.1107412281833586,1,1.0,1
-1.0937295929033297,0.0,0.0,1,1.0,1
-1.0422059228573992,-1.1107412281833586,-1.1107412281833586,1,1.0,1
-1.0422059228573992,-1.1107412281833586,0.0,1,1.0,1
-1.0422059228573992,0.0,0.0,1,1.0,1
-1.0422059228573992,-1.1107412281833273,-1.1107412281833586,1,1.0,1
-1.0422059228573992,-1.1107317654805784,-1.1107412281833586,1,0.5,1
-1.0422059228573992,-1.1107412281742903,-1.1107412281833586,1,1.0,1
-1.0422059228573992,0.0,0.0,1,1.0,1
-1.0422059228573992,-1.1107412281833586,-1.1107412281833586,1,1.0,1
-1.0422059228573992,-1.1107412281833586,-1.1107412281833586,1,1.0,1
-0.43271063351699934,-1.1107412281833586,-1.1107412281833586,1,1.0,1
-0.11074122818336062,0.0,-1.1107412281833586,1,1.0,1
-0.9965993852558587,-1.1107412281833586,-1.1107412281833586,1,1.0,1
-1.095466091248578,0.0,-1.1107412281833586,1,1.0,1
-1.1107412281833586,0.0,-1.1107412281833586,1,1.0,1
-1.0422059228573992,-1.1107412281833586,0.0,1,1.0,1
-1.0422059228573992,0.0,0.0,1,1.0,1
0.11102873781771248,-1.1107412281833586,-1.1107412281833586,1,1.0,1
-1.110740445643261,0.0,0.0,1,1.0,1
-1.0422059228573992,0.0,0.0,1,1.0,1
-1.1095078489682855,-1.1107412281833586,-1.1107412281833586,1,1.0,1
-0.43271063351699934,-1.1107412281833586,-1.1107412281833586,1,1.0,1
0.2698033183430798,0.0,-1.1107412281833586,1,1.0,1
-0.5316753583025774,-1.1107412281833287,-1.1107412281832438,1,1.0,1
-1.110741227298114,0.0,-1.1107412281833586,1,1.0,1
-1.1107412034737727,0.0,-1.1107412281833586,1,1.0,1
-1.1077727358287714,-1.1107412281833497,-1.1107412281833586,1,1.0,1
-0.43271063351699934,-1.1107412281833577,-1.1107412281833586,1,1.0,1
-1.110738886076106,0.0,-1.1107412281833586,1,1.0,1
-1.00191116902224,0.0,-1.1107412281833586,1,1.0,1
-1.1106179274720611,0.0,-1.1107412281833586,1,1.0,1
-1.1107411732476242,-1.1107406294050302,-1.1107412281833586,1,1.0,1
-1.077632107555029,0.0,-1.1107412281833586,1,1.0,1
-1.1107412281575322,0.0,-1.1107412281833586,1,1.0,1
-1.110729298480375,0.0,-1.1107412281833586,1,1.0,1
-1.1106865777159802,-1.1107412281833586,-1.1107412281833586,1,1.0,1
-0.43271063351699934,0.0,-1.1107412281833586,1,1.0,1
-0.6106013862851447,0.0,-1.1107412281833586,1,1.0,1
0.06595359534931566,-1.110741228136549,-1.1107412281833582,1,1.0,1
-0.11074122818336062,0.0,-1.1107412281833586,1,1.0,1
0.19900609497032315,-1.1107412281833586,-1.1107412281833586,1,1.0,1
-0.983690591037848,-1.110741228183153,-1.1107412281833586,1,1.0,1
-0.7543576612581533,-1.1107412281833586,-1.1107412281833586,1,1.0,1
-1.1045339956542608,0.0,-1.1107412281833586,1,1.0,1
-0.7399335344237479,0.999999989657533,-1.1107412281833586,1,1.0,1
-0.8738011835273793,-1.1107412281833586,-1.1107412281833586,1,1.0,1
-0.16580784883700977,0.0,0.0,1,1.0,1
-1.1107412177626295,0.0,-1.1107412281833586,1,1.0,1
-1.00191116902224,0.0,-1.1107412281833586,1,1.0,1
-0.4888496940821553,-1.110741227948957,-1.1107412281833586,1,1.0,1
-1.110724458024336,0.0,-1.1107412281833586,1,1.0,1
-1.1107410206486699,0.0,0.0,1,1.0,1
-1.0980409375200706,0.0,-1.1107412281833586,1,1.0,1
-1.00191116902224,0.0,-1.1107412281833586,1,1.0,1
-0.43271063351699934,-1.1107412281832139,-1.1107412281833586,1,1.0,1
-0.43271063351699934,0.0,-1.1107412281833586,1,1.0,1
0.26570796201929997,0.0,0.0,1,1.0,1
-0.246449092208894,0.0,-1.1107412281833269,1,1.0,1
-1.1107412281742013,0.0,-1.1107412281833586,1,1.0,1
-1.1107412029703148,0.0,-1.1107412281833586,1,1.0,1
-0.43271063351699934,0.0,-1.1107412281833586,1,1.0,1
-1.00191116902224,0.0,-1.1107412281833586,1,1.0,1
-1.095466091248578,0.0,-1.1107412281833586,1,1.0,1
-1.1107140371402306,0.0,-1.1107412281833586,1,1.0,1
-1.00191116902224,0.0,-1.1107412281833586,1,1.0,1
-1.1107412195433424,0.0,-1.1107412281833586,1,1.0,1
-1.1107412281792057,0.0,-1.1107412281833586,1,1.0,1
-0.5113742555688394,0.0,-1.1107412281833586,1,1.0,1
-0.8300740790110132,-1.1107412281833586,-1.1107412281833586,1,1.0,1
-1.11031863492089,0.0,-1.1107412281833586,1,1.0,1
-0.43271063351699934,-1.1107412281833586,-1.1107412281833586,1,1.0,1
0.016036364348463897,0.0,-1.1107412281833586,1,1.0,1
-1.110741076019003,0.0,-1.1107412281833586,1,1.0,1
-1.1107412281514273,0.0,-1.1107412281833586,1,1.0,1
-0.8397762136990231,0.0,-1.1107412281833586,1,1.0,1
-1.1107412280706532,0.0,-1.1107412281833586,1,1.0,1
-1.0422059228573992,0.0,-1.1107412281833586,1,0.5,1
-1.109273448257849,0.0,-1.1107412281833586,1,1.0,1
-1.0422059228573992,0.0,-1.1107412281833586,1,1.0,1
-1.0915050419172372,0.0,-1.1107412281833586,1,1.0,1
-1.1107332718134137,0.0,0.0,1,1.0,1
0.712097951744047,-1.1107412266336585,-1.1107412281833586,1,1.0,1
-0.30544349012807187,-1.1107220931644552,-1.1107412281833586,1,1.0,1
0.9511455158740912,-1.1107411665836304,-1.1107412281833586,1,1.0,1
-1.1107409882628285,0.0,-1.1107412281833586,1,1.0,1
-1.0980409375200706,0.0,-1.1107412281833586,1,1.0,1
-0.40226567298366755,0.0,-1.1107412281833586,1,1.0,1
-0.9883695462585627,0.0,-1.1107412281833586,1,1.0,1
-1.1107411473828221,0.0,-1.1107412281833586,1,1.0,1
0.6283159445983058,-1.1107412281833586,-1.1107412281833586,1,1.0,1
-1.1105422242591028,-1.1107412281833586,-1.1107412281833586,1,1.0,1
-0.2533141758121624,-1.1107381761289643,-1.1107412281833577,1,1.0,1
-0.7445650260789679,-1.1107412281833577,-1.1107412281833586,1,1.0,1
-0.5001485950341453,-1.1107268366678582,-1.1107412276408963,1,1.0,1
-1.1107408872540812,0.0,-1.1107412281833586,1,1.0,1
-0.8703951768652775,0.0,-1.1107412281833586,1,1.0,1
-1.1010744560249401,-1.1107412262796168,-1.1107412281833586,1,1.0,1
-1.0942741547624122,-1.1107343923092836,-1.1107412281833586,1,1.0,1
-1.1022784330086712,-1.1107412281833586,-1.1107412281833586,1,1.0,1
-1.110037217748494,0.0,-1.1107412281833586,1,1.0,1
-1.0443408945781927,0.0,-1.1107412281833586,1,1.0,1
0.49295857888893646,-1.1107412281833586,-1.1107412281833586,1,1.0,1
-0.9334508713955305,0.0,-1.1107412281833586,1,1.0,1
-0.1681119090361427,0.0,-1.1107412281833586,1,1.0,1
-1.055685204016927,0.0,-1.1107412281833582,1,1.0,1
-1.0422059228573992,0.0,-1.1107412281833586,1,1.0,1
-1.1099208350810748,0.0,-1.1107412281833586,1,1.0,1
0.35332036731517275,0.0,-1.1107412281833586,1,1.0,1
-1.1107412253579376,0.0,-1.1107412281833586,1,1.0,1
-1.1107258791421075,0.0,-1.1107412281833586,1,1.0,1
-0.43271063351699934,-0.8465976480373917,0.0,1,1.0,1
-0.43271063351699934,-1.0857176687212544,-1.1107412281833586,1,1.0,1
-1.1107412271340484,0.0,-1.1107412281833586,1,1.0,1
0.9572556818128396,0.0,-1.1107412281833586,1,1.0,1
-1.1000295109879374,-1.1107412281833586,-1.1107412281833586,0,0.0,0
0.8847368037748927,-1.1107412281833582,-1.1107412281833586,0,1.0,0
-1.0631345059988806,-1.1107412281833586,-1.1107412281833586,0,0.0,0
-1.1083184916728266,-1.1107412281833586,-1.1107412281833586,0,0.0,0
-1.1027986707839617,-1.1107412281833586,-1.1107412281833586,0,0.0,0
-1.110688914657993,-1.1107412281833586,-1.1107412281833586,0,1.0,0
0.8337164694027143,-1.1107412281833586,0.0,0,1.0,0
-0.011426910293566777,-1.1107412281833586,-1.1107412281833586,0,1.0,0
-0.2883088523331376,-1.1107412281833582,-1.1107412281833586,0,0.0,0
0.9595404826168694,-1.1107412241573056,-1.1107412281833586,0,0.0,0
-1.1095525767826766,-1.1107412281833586,-1.1107412281833586,0,0.0,0
-1.1107407385155894,-1.1107412281079667,-1.1107412281833586,0,0.0,0
-1.079096588097346,-1.1107412281833586,-1.1107412281833586,0,1.0,0
-1.0292303079072442,-1.110741226973806,-1.1107412281833586,0,1.0,0
0.9752406103965733,-1.096366011199644,-1.110741228179956,0,1.0,0
0.9681179734170953,-1.1061696460719188,-1.1107412281833586,0,1.0,0
0.6896146809963524,0.6424909078546186,-1.1107412281833586,0,1.0,0
-1.0947022384143734,-1.110741222921143,-1.1107412281833586,0,1.0,0
-1.1107410085005998,-1.1107412281833586,-1.1107412281833586,0,0.0,0
0.9280933629530773,-1.0986197941121845,-1.1107412281833586,0,1.0,0
-0.9760390079336205,-1.1107348079554127,-1.1107412281833586,0,1.0,0
0.9915749967676757,-1.1107412281832274,-1.1107412281833586,0,1.0,0
0.9355130263204191,-1.1107412281833586,0.0,0,0.0,0
0.3562670018142072,-1.110458285968734,-1.1107412281833586,0,0.0,0
-1.0708940261425433,-1.1095241151528978,-1.1107412281833582,0,1.0,0
0.9999433130589135,-1.1107412281833586,0.0,0,1.0,0
0.8218161469572646,-1.1107412281831914,-1.1107412281833586,0,1.0,0
-1.110629695888476,-1.109284589349976,-1.1107412281833586,0,1.0,0
-1.0998245003677516,-1.1107412281833586,-1.1107412281833586,0,1.0,0
0.2696344489990525,-1.1107412281833586,-1.1107412281833586,0,0.0,0
-1.0886293266505307,-1.1107412281833586,-1.1107412281833586,0,0.0,0
0.9584482431230783,-1.1107412281833586,-1.1107412281833586,0,1.0,0
-0.43271063351699934,-1.1107372360542596,-1.1107412281833586,0,1.0,0
-0.8030813289786407,-1.110741227935871,-1.1107412281833586,0,0.5,0
-1.110740860749532,-1.1107412281833586,-1.1107412281833586,0,0.5,0
-1.1036661450064555,-1.1107412281833582,-1.1107412281833586,0,0.0,0
-1.1088833745309783,-1.1107412281833586,-1.1107412281833586,0,0.0,0
-0.8796837680891142,0.0,-1.1107412281833586,0,1.0,0
0.8160345682891528,-1.1107412281833586,0.0,0,1.0,0
-1.0930021205052065,-1.110741228158941,0.0,0,0.0,0
0.9826724606546898,-1.1107412281833586,0.0,0,0.0,0
-0.954610290752706,-1.1107412281833586,-1.1107412281833586,0,1.0,0
0.9999759149381542,-1.1107412281833586,0.0,0,0.0,0
-1.1045292137687879,-1.110685251341892,-1.1107412281833586,0,1.0,0
-0.8086442572640117,0.0,-1.1107412281833586,0,1.0,0
-1.1075139777533416,-1.1107412281828732,-1.1107412281833586,0,1.0,0
-1.110030580149253,-1.1107412281792626,-1.1107412281833544,0,1.0,0
-1.0390143408996453,-1.1107412281833586,-1.1107412281833586,0,0.0,0
-0.7589184750961703,-1.1044922643231614,-1.1107412281833586,0,0.0,0
-0.9269563030386059,-1.1107412281833586,-1.1107412281833586,0,0.0,0
-1.0882470555397719,-1.1107412281833586,-1.1107412281833586,0,0.0,0
-0.9769583339672812,-1.1107412281833586,0.0,0,0.0,0
0.01557239751013792,-1.1107412281833586,-1.1107412281833586,0,0.5,0
0.9997171334343269,-1.1107412281833586,0.0,0,0.0,0
-1.0723371850801768,-1.1107412281833586,-1.1107412281833586,0,0.0,0
-1.110694912845636,0.0,-1.1107412281833586,0,1.0,0
-1.0098403730502319,0.0,-1.1107408494050628,0,1.0,0
-1.1076750147007457,-1.1107412281716915,-1.1107412281833586,0,1.0,0
0.6676700679759917,0.0,-1.1107412281833586,0,1.0,0
0.930450516176225,0.0,-1.1107412281833586,0,1.0,0
0.4965178599878375,-1.1107412281832885,-1.1107412281833586,0,1.0,0
-1.1107411954336301,-1.1106300146028312,-1.1107412281833586,0,1.0,0
-1.0763648906059091,-1.1107412281833586,-1.1107412281833586,0,1.0,0
-0.1833143150729827,-1.1107412281833586,-1.1107412278169082,0,0.0,0
-0.7910193955989454,-1.1107372232257318,-1.1107412281833586,0,1.0,0
0.3455541156636302,-1.1107412143232014,-1.1107412281833586,0,1.0,0
-0.43271063351699934,0.0,-1.1107412281833586,0,1.0,0
-1.1013714912737567,0.0,-1.1107412281833586,0,1.0,0
-0.8124690758477516,0.0,-1.1107412281833586,0,1.0,0
-1.11074114317877,0.0,-1.1107412281833586,0,1.0,0
0.9999999999989071,-1.1107412281833586,0.0,0,1.0,0
-1.0962873105104545,-1.1107412281833586,0.0,0,0.0,0
0.7096261511552233,-1.1107412281833586,-1.1107412281833586,0,0.0,0
-0.7947556292534084,0.0,0.0,0,0.5,0
-1.1107389568216661,-1.1107412281833586,-1.1107412281833586,0,1.0,0
0.697865757041098,-1.1107407450706541,-1.1107412281833586,0,0.0,0
-1.110394563605362,-1.1107412281833586,-1.1107412281833586,0,0.0,0
-1.1000295109879374,-1.1107412281833586,-1.1107412281833586,0,0.0,0
0.8847368037748927,-1.1107412281833582,-1.1107412281833586,0,1.0,0
-1.0631345059988806,-1.1107412281833586,-1.1107412281833586,0,0.0,0
-1.1083184916728266,-1.1107412281833586,-1.1107412281833586,0,0.0,0
-1.1027986707839617,-1.1107412281833586,-1.1107412281833586,0,0.0,0
0.9999826249779252,-1.1107412281833586,-1.1107412281833586,0,0.0,0
-1.110688914657993,-1.1107412281833586,-1.1107412281833586,0,1.0,0
0.9982524293257629,-1.1107412281833586,-1.1107412281833586,0,1.0,0
-0.28722145086750644,0.0,-1.1107412281833586,0,0.0,0
0.9063727608951722,-1.1107412281833586,0.0,0,1.0,0
-0.5300365002367492,-1.1107412281833586,-1.1107412281833586,0,0.0,0
0.4288241379550633,0.9999999999897012,-1.1107412281833586,0,0.5,0
-1.1000125822134716,-1.1107412281833586,-1.1107412281833586,0,0.0,0
0.6032312240022903,-1.1107412281833586,-1.1107412281833586,0,0.0,0
-0.011426910293566777,-1.1107412281833586,-1.1107412281833586,0,1.0,0
0.9656637667661558,-1.1107412281833586,0.0,0,0.0,0
-1.1107399235470001,-1.1052038236428128,-1.1107412281833586,0,0.0,0
-1.0960079141308827,-1.110741119221411,-1.1107412281833586,0,1.0,0
-1.0841972299615392,-1.1107412128255296,-1.1107412281833586,0,1.0,0
0.3133012938632051,0.0,-1.1107412281833586,0,1.0,0
-1.066269275493279,-1.1107412281833586,-1.1107412281833586,0,0.0,0
0.9999999999997643,-1.1107412281833002,0.0,0,1.0,0
-1.1106482837857543,-1.110715375465521,-1.1107412281833586,0,1.0,0
-0.32628082158352917,0.0,-1.1107412281833586,0,1.0,0
-0.890973123161402,0.7281362169120023,-1.1107412281833586,0,1.0,0
-1.109541704131925,-1.1107371787564897,0.0,0,1.0,0
-0.43271063351699934,0.0,-1.1107412281833586,0,1.0,0
-0.46511160639819704,-1.1107412281833586,-1.1107412281833586,0,1.0,0
-0.5050353762098673,-1.1107412281833586,-1.1107412281833586,0,1.0,0
-0.16580784883700977,0.0,-1.1107412281833586,0,0.0,0
-0.16580784883700977,0.0,-1.1107412281833586,0,0.0,0
-0.43271063351699934,-1.1107412281831737,-1.1107412281833586,0,1.0,0
-1.110741197927761,-1.1107412281833586,-1.1107412281833586,0,1.0,0
-1.1103678029768367,-1.1107412281833586,0.0,0,1.0,0
0.4880511120224434,-1.1107412281832834,-1.1107412281833586,0,1.0,0
-1.1107165393794887,-1.1107412281833586,-1.1107412281833586,0,1.0,0
-1.1100220044570286,-1.110720020579398,-1.1107412281833586,0,0.0,0
-0.15396768680256695,0.0,-1.1107412281833586,0,1.0,0
-0.23247011284024408,0.999951202358531,-1.1107412281833586,0,1.0,0
-1.0484480838652421,0.9341286679381824,-1.1107412281833586,0,1.0,0
-0.9254455234577983,-1.1107412281833586,-1.1107412281833586,0,1.0,0
-0.06943524925420047,-1.1107412281833586,-1.1107412281833586,0,0.5,0
-1.110740826281272,-1.1107412281833586,-1.1107412281833586,0,0.0,0
-0.8812518213292538,-1.1107412281833586,-1.1107412281833586,0,1.0,0
-1.1107412277632085,-1.1107412281833586,-1.1107412281833586,0,0.0,0
0.6804712433697316,-1.0582393138452264,-1.1107412281833586,0,1.0,0
-0.9356870092780166,-1.110740813148797,-1.1107412281833586,0,1.0,0
0.6229023862728044,-1.1107412281833586,-1.1107412281833586,0,1.0,0
-1.1049320576525452,-1.1107412281833586,-1.1107412281833586,0,0.5,0
0.029507565207254793,-1.1107412281833586,-1.1107412281833586,0,1.0,0
-1.103680212703809,-1.1107409895859808,-1.1107412281833586,0,1.0,0
-1.1063818877241096,-1.1107412281833577,-1.1107412281833586,0,1.0,0
-0.43271063351699934,-1.1107412281833475,-1.1107412281833586,0,1.0,0
-0.7949823317478409,-1.1107412281833586,-1.1107412281833586,0,1.0,0
-1.107758009925858,-1.1107412281833586,-1.1107412281833586,0,1.0,0
-1.1107406951133603,0.0,-1.1107412281833586,0,1.0,0
-0.43936556811283856,-1.1107412281833586,-1.1107412281833586,0,1.0,0
-0.10298892638885891,-1.1107412281833586,-1.1107412281833586,0,1.0,0
0.999339915414883,-1.1107412281833586,0.0,0,0.0,0
-1.0790441931911174,-1.1107412281833586,-1.1107412281833586,0,1.0,0
-1.1107411557365388,0.0,-1.1107412281833586,0,1.0,0
-0.22431313362722247,0.0,-1.110741228182428,0,1.0,0
-0.07355731850795362,0.0,-1.1107412281833586,0,1.0,0
-0.08181330066775636,-1.1107412281833544,-1.1107412281833586,0,1.0,0
-1.1101291316170425,0.0,0.0,0,0.5,0
-1.1099043116318044,0.0,-1.1107412281833586,0,1.0,0
-1.0422059228573992,0.0,-1.1107412281833586,0,1.0,0
-1.0422059228573992,0.0,-1.1107412281833586,0,1.0,0
-1.0980409375200706,0.0,0.0,0,1.0,0
-1.0980409375200706,0.0,-1.1107412281833586,0,1.0,0
-1.1107408482782022,0.0,-1.1107412281833586,0,1.0,0
-1.1107410967641904,0.0,-1.1107412281833586,0,1.0,0
-1.0903260789417493,0.0,-1.1107412281833586,0,1.0,0
-1.1106188262429804,0.0,-1.1107412281833586,0,1.0,0
-1.1107395241810227,0.0,-1.1107412281833586,0,1.0,0
-1.1107353972672407,0.0,-1.1107412281833586,0,1.0,0
-1.1107412173888718,0.0,-1.1107412281833586,0,1.0,0
-1.1107412281701992,0.0,-1.1107412281833586,0,1.0,0
-1.1105528013561121,0.0,-1.1107412281833586,0,1.0,0
-1.00191116902224,0.0,-1.1107412281833586,0,1.0,0
-1.00191116902224,0.0,-1.1107412281833586,0,1.0,0
-1.110689527073087,0.0,-1.1107412281833586,0,1.0,0
-1.0422059228573992,0.0,-1.1107412281833586,0,1.0,0
-1.1106792557040874,0.0,-1.1107412281833586,0,1.0,0
-1.1099043116318044,0.0,-1.1107412281833586,0,1.0,0
-1.1099043116318044,0.0,-1.1107412281833586,0,1.0,0
-1.1107412261565703,0.0,-1.1107412281833586,0,1.0,0
-1.1095208917481114,0.0,-1.1107412281833586,0,1.0,0
-1.1104148414640862,0.0,-1.1107412281833586,0,1.0,0
-1.1107411317343752,0.0,-1.1107412281833586,0,1.0,0
-1.0980409375200706,0.0,-1.1107412281833586,0,1.0,0
-1.1103243241699399,0.0,-1.1107412281833586,0,1.0,0
-1.0980409375200706,0.0,-1.1107412281833586,0,1.0,0
-1.0980409375200706,0.0,-1.1107412281833586,0,1.0,0
-1.0422059228573992,0.0,-1.1107412281833586,0,1.0,0
-1.0422059228573992,0.0,-1.1107412281833586,0,1.0,0
-1.0980409375200706,0.0,-1.1107412281833586,0,1.0,0
-1.0980409375200706,0.0,-1.1107412281833586,0,1.0,0
-1.1107412264336625,0.0,-1.1107412281833586,0,1.0,0
-1.0422059228573992,0.0,-1.1107412281833586,0,1.0,0
-1.00191116902224,0.0,-1.1107412281833586,0,1.0,0
-1.1095208917481114,0.0,-1.1107412281833586,0,1.0,0
-1.00191116902224,0.0,-1.1107412281833586,0,1.0,0
-1.1107375024577666,0.0,-1.1107412281833586,0,1.0,0
-1.0980409375200706,0.0,-1.1107412281833586,0,1.0,0
-1.1107412281833586,0.0,-1.1107412281833586,0,1.0,0
-1.110741223563903,0.0,-1.1107412281833586,0,1.0,0
-1.1107410389668269,0.0,-1.1107412281833586,0,1.0,0
-1.0980409375200706,0.0,-1.1107412281833586,0,1.0,0
-1.0980409375200706,0.0,0.0,0,1.0,0
-1.0873037621289496,0.0,-1.1107412281833586,0,1.0,0
-1.110334292523577,0.0,-1.1107412281833586,0,1.0,0
-1.1107412281833586,0.0,-1.1107412281833586,0,1.0,0
-1.0980409375200706,0.0,-1.1107412281833586,0,1.0,0
-1.1107411689771358,0.0,-1.1107412281833586,0,1.0,0
-1.1107412271251558,0.0,-1.1107412281833586,0,1.0,0
-1.0872483652075704,0.0,-1.1107412281833586,0,1.0,0
-0.634289571379815,-1.1107412281833586,-1.1107412281833586,0,0.0,0
-1.1090708104988563,0.0,-1.1107412281833586,0,0.0,0
-1.110554508612221,-1.1107412281833586,0.0,0,1.0,0
-0.16580784883700977,0.0,0.0,0,1.0,0
-1.1107382662998788,0.0,-1.1107412281833586,0,0.0,0
0.5741446145845931,-1.1107412281833582,-1.1107412281833586,0,1.0,0
-1.0422059228573992,0.0,-1.1107412281833586,0,1.0,0
-1.0980409375200706,0.0,0.0,0,1.0,0
-1.0422059228573992,-1.1107412281832147,-1.1107412281833586,0,1.0,0
-1.003503063343531,0.0,-1.1107412281833586,0,1.0,0
-1.0422059228573992,0.0,0.0,0,1.0,0
-1.0422059228573992,-1.1107412281833586,0.0,0,0.5,0
-1.0422059228573992,0.0,0.0,0,0.5,0
-1.0422059228573992,0.0,-1.1107412281833586,0,0.5,0
-1.0422059228573992,0.0,-1.1107412281833586,0,1.0,0
-1.1107392537032683,0.0,-1.1107412281833586,0,0.5,0
-1.003503063343531,0.0,-1.1107412281833586,0,1.0,0
-1.0422059228573992,-1.1107412281833573,-1.1107412281833586,0,0.5,0
